Entidad_Federativa,Gasolina_Min_87octanos,Año_Reporte,Mes
Aguascalientes,16.19,2017,1
Aguascalientes,16.21,2017,2
Aguascalientes,16.1,2017,3
Aguascalientes,16.12,2017,4
Aguascalientes,16.03,2017,5
Aguascalientes,15.93,2017,6
Aguascalientes,15.86,2017,7
Aguascalientes,15.92,2017,8
Aguascalientes,16.15,2017,9
Aguascalientes,16.28,2017,10
Aguascalientes,16.36,2017,11
Aguascalientes,16.48,2017,12
Aguascalientes,17.16,2018,1
Aguascalientes,18,2018,2
Aguascalientes,18.26,2018,3
Aguascalientes,18.34,2018,4
Aguascalientes,18.46,2018,5
Aguascalientes,18.65,2018,6
Aguascalientes,19.02,2018,7
Aguascalientes,19.55,2018,8
Aguascalientes,19.8,2018,9
Aguascalientes,20,2018,10
Aguascalientes,20,2018,11
Aguascalientes,19.81,2018,12
Aguascalientes,19.64,2019,1
Aguascalientes,20.08,2019,2
Aguascalientes,20.33,2019,3
Aguascalientes,19.85,2019,4
Aguascalientes,19.75,2019,5
Aguascalientes,19.65,2019,6
Aguascalientes,19.71,2019,7
Aguascalientes,19.67,2019,8
Aguascalientes,19.74,2019,9
Aguascalientes,19.79,2019,10
Aguascalientes,19.85,2019,11
Aguascalientes,19.92,2019,12
Aguascalientes,19.97,2020,1
Aguascalientes,19.94,2020,2
Aguascalientes,18.59,2020,3
Aguascalientes,15.35,2020,4
Aguascalientes,16.56,2020,5
B. C.,16.08,2017,1
B. C.,16.04,2017,2
B. C.,15.85,2017,3
B. C.,15.87,2017,4
B. C.,15.83,2017,5
B. C.,15.81,2017,6
B. C.,15.7,2017,7
B. C.,15.8,2017,8
B. C.,15.98,2017,9
B. C.,16.12,2017,10
B. C.,16.27,2017,11
B. C.,16.38,2017,12
B. C.,16.8,2018,1
B. C.,17.31,2018,2
B. C.,17.53,2018,3
B. C.,17.67,2018,4
B. C.,17.81,2018,5
B. C.,18.07,2018,6
B. C.,18.49,2018,7
B. C.,19.03,2018,8
B. C.,19.36,2018,9
B. C.,19.57,2018,10
B. C.,19.61,2018,11
B. C.,19.4,2018,12
B. C.,18.05,2019,1
B. C.,18.17,2019,2
B. C.,18.56,2019,3
B. C.,18.49,2019,4
B. C.,18.43,2019,5
B. C.,18.34,2019,6
B. C.,18.36,2019,7
B. C.,18.17,2019,8
B. C.,18.2,2019,9
B. C.,18.09,2019,10
B. C.,18,2019,11
B. C.,18,2019,12
B. C.,18.28,2020,1
B. C.,18.36,2020,2
B. C.,17.27,2020,3
B. C.,14.19,2020,4
B. C.,15.51,2020,5
B.C. Sur,16.11,2017,1
B.C. Sur,16.09,2017,2
B.C. Sur,16,2017,3
B.C. Sur,16.02,2017,4
B.C. Sur,15.93,2017,5
B.C. Sur,15.83,2017,6
B.C. Sur,15.75,2017,7
B.C. Sur,15.82,2017,8
B.C. Sur,16.04,2017,9
B.C. Sur,16.17,2017,10
B.C. Sur,16.33,2017,11
B.C. Sur,16.55,2017,12
B.C. Sur,16.97,2018,1
B.C. Sur,17.37,2018,2
B.C. Sur,17.58,2018,3
B.C. Sur,17.67,2018,4
B.C. Sur,17.85,2018,5
B.C. Sur,18.1,2018,6
B.C. Sur,18.47,2018,7
B.C. Sur,19.05,2018,8
B.C. Sur,19.34,2018,9
B.C. Sur,19.56,2018,10
B.C. Sur,19.63,2018,11
B.C. Sur,19.53,2018,12
B.C. Sur,19.28,2019,1
B.C. Sur,19.57,2019,2
B.C. Sur,20.38,2019,3
B.C. Sur,20.39,2019,4
B.C. Sur,20.4,2019,5
B.C. Sur,20.43,2019,6
B.C. Sur,20.56,2019,7
B.C. Sur,20.59,2019,8
B.C. Sur,20.64,2019,9
B.C. Sur,20.64,2019,10
B.C. Sur,20.64,2019,11
B.C. Sur,20.68,2019,12
B.C. Sur,20.76,2020,1
B.C. Sur,20.7,2020,2
B.C. Sur,19.07,2020,3
B.C. Sur,15.92,2020,4
B.C. Sur,17.29,2020,5
Campeche,15.66,2017,1
Campeche,15.65,2017,2
Campeche,15.56,2017,3
Campeche,15.59,2017,4
Campeche,15.49,2017,5
Campeche,15.39,2017,6
Campeche,15.32,2017,7
Campeche,15.38,2017,8
Campeche,15.6,2017,9
Campeche,15.72,2017,10
Campeche,15.81,2017,11
Campeche,15.99,2017,12
Campeche,16.67,2018,1
Campeche,17.26,2018,2
Campeche,17.43,2018,3
Campeche,17.53,2018,4
Campeche,17.7,2018,5
Campeche,17.98,2018,6
Campeche,18.39,2018,7
Campeche,19,2018,8
Campeche,19.24,2018,9
Campeche,19.44,2018,10
Campeche,19.46,2018,11
Campeche,19.39,2018,12
Campeche,19.18,2019,1
Campeche,19.43,2019,2
Campeche,19.91,2019,3
Campeche,19.75,2019,4
Campeche,19.69,2019,5
Campeche,19.66,2019,6
Campeche,19.62,2019,7
Campeche,19.62,2019,8
Campeche,19.69,2019,9
Campeche,19.54,2019,10
Campeche,19.48,2019,11
Campeche,19.61,2019,12
Campeche,19.73,2020,1
Campeche,19.59,2020,2
Campeche,18.66,2020,3
Campeche,16.02,2020,4
Campeche,16.7,2020,5
Chiapas,15.86,2017,1
Chiapas,15.87,2017,2
Chiapas,15.76,2017,3
Chiapas,15.78,2017,4
Chiapas,15.69,2017,5
Chiapas,15.59,2017,6
Chiapas,15.51,2017,7
Chiapas,15.58,2017,8
Chiapas,15.81,2017,9
Chiapas,15.93,2017,10
Chiapas,16.01,2017,11
Chiapas,16.16,2017,12
Chiapas,16.68,2018,1
Chiapas,17.17,2018,2
Chiapas,17.36,2018,3
Chiapas,17.48,2018,4
Chiapas,17.65,2018,5
Chiapas,17.88,2018,6
Chiapas,18.3,2018,7
Chiapas,18.87,2018,8
Chiapas,19.09,2018,9
Chiapas,19.22,2018,10
Chiapas,19.2,2018,11
Chiapas,18.93,2018,12
Chiapas,18.52,2019,1
Chiapas,18.91,2019,2
Chiapas,19.62,2019,3
Chiapas,19.46,2019,4
Chiapas,19.27,2019,5
Chiapas,19.1,2019,6
Chiapas,19.19,2019,7
Chiapas,19.21,2019,8
Chiapas,19.27,2019,9
Chiapas,19.19,2019,10
Chiapas,19.18,2019,11
Chiapas,19.27,2019,12
Chiapas,19.32,2020,1
Chiapas,19.15,2020,2
Chiapas,17.88,2020,3
Chiapas,15.28,2020,4
Chiapas,16.17,2020,5
Chihuahua,16.05,2017,1
Chihuahua,14.02,2017,2
Chihuahua,14.76,2017,3
Chihuahua,14.74,2017,4
Chihuahua,14.66,2017,5
Chihuahua,14.62,2017,6
Chihuahua,14.48,2017,7
Chihuahua,14.49,2017,8
Chihuahua,14.83,2017,9
Chihuahua,14.98,2017,10
Chihuahua,15.11,2017,11
Chihuahua,15.29,2017,12
Chihuahua,15.8,2018,1
Chihuahua,16.39,2018,2
Chihuahua,16.52,2018,3
Chihuahua,16.48,2018,4
Chihuahua,16.88,2018,5
Chihuahua,16.75,2018,6
Chihuahua,17.14,2018,7
Chihuahua,17.68,2018,8
Chihuahua,17.96,2018,9
Chihuahua,18.15,2018,10
Chihuahua,17.95,2018,11
Chihuahua,17.54,2018,12
Chihuahua,16.83,2019,1
Chihuahua,17.3,2019,2
Chihuahua,17.84,2019,3
Chihuahua,17.48,2019,4
Chihuahua,17.2,2019,5
Chihuahua,17.23,2019,6
Chihuahua,17.21,2019,7
Chihuahua,17.02,2019,8
Chihuahua,17.26,2019,9
Chihuahua,17.06,2019,10
Chihuahua,16.98,2019,11
Chihuahua,17.28,2019,12
Chihuahua,17.38,2020,1
Chihuahua,17.16,2020,2
Chihuahua,15.32,2020,3
Chihuahua,12.91,2020,4
Chihuahua,14.24,2020,5
CDMX,16.31,2017,1
CDMX,16.3,2017,2
CDMX,16.21,2017,3
CDMX,16.2,2017,4
CDMX,16.08,2017,5
CDMX,15.95,2017,6
CDMX,15.86,2017,7
CDMX,15.92,2017,8
CDMX,16.14,2017,9
CDMX,16.26,2017,10
CDMX,16.35,2017,11
CDMX,16.45,2017,12
CDMX,17.07,2018,1
CDMX,17.85,2018,2
CDMX,18.11,2018,3
CDMX,18.21,2018,4
CDMX,18.49,2018,5
CDMX,18.79,2018,6
CDMX,19.01,2018,7
CDMX,19.34,2018,8
CDMX,19.6,2018,9
CDMX,19.86,2018,10
CDMX,19.9,2018,11
CDMX,19.76,2018,12
CDMX,19.63,2019,1
CDMX,19.96,2019,2
CDMX,20.52,2019,3
CDMX,20.49,2019,4
CDMX,20.52,2019,5
CDMX,20.4,2019,6
CDMX,20.47,2019,7
CDMX,20.31,2019,8
CDMX,20.32,2019,9
CDMX,20.27,2019,10
CDMX,20.28,2019,11
CDMX,20.45,2019,12
CDMX,20.61,2020,1
CDMX,20.45,2020,2
CDMX,18.91,2020,3
CDMX,15.57,2020,4
CDMX,16.85,2020,5
Coahuila,15.77,2017,1
Coahuila,15.83,2017,2
Coahuila,15.71,2017,3
Coahuila,15.62,2017,4
Coahuila,15.47,2017,5
Coahuila,15.41,2017,6
Coahuila,15.36,2017,7
Coahuila,15.45,2017,8
Coahuila,15.67,2017,9
Coahuila,15.84,2017,10
Coahuila,15.97,2017,11
Coahuila,16.16,2017,12
Coahuila,16.68,2018,1
Coahuila,17.38,2018,2
Coahuila,17.61,2018,3
Coahuila,17.68,2018,4
Coahuila,17.74,2018,5
Coahuila,18.07,2018,6
Coahuila,18.43,2018,7
Coahuila,18.96,2018,8
Coahuila,19.26,2018,9
Coahuila,19.48,2018,10
Coahuila,19.44,2018,11
Coahuila,19.18,2018,12
Coahuila,18.9,2019,1
Coahuila,19.19,2019,2
Coahuila,19.68,2019,3
Coahuila,19.37,2019,4
Coahuila,19.17,2019,5
Coahuila,19.18,2019,6
Coahuila,19.3,2019,7
Coahuila,19.09,2019,8
Coahuila,19.32,2019,9
Coahuila,19.35,2019,10
Coahuila,19.51,2019,11
Coahuila,19.48,2019,12
Coahuila,19.53,2020,1
Coahuila,19.41,2020,2
Coahuila,17.77,2020,3
Coahuila,15.16,2020,4
Coahuila,15.87,2020,5
Colima,16.06,2017,1
Colima,16.03,2017,2
Colima,15.95,2017,3
Colima,15.99,2017,4
Colima,15.89,2017,5
Colima,15.79,2017,6
Colima,15.71,2017,7
Colima,15.78,2017,8
Colima,16.01,2017,9
Colima,16.13,2017,10
Colima,16.21,2017,11
Colima,16.34,2017,12
Colima,16.83,2018,1
Colima,17.36,2018,2
Colima,17.57,2018,3
Colima,17.66,2018,4
Colima,17.81,2018,5
Colima,18.03,2018,6
Colima,18.39,2018,7
Colima,18.92,2018,8
Colima,19.18,2018,9
Colima,19.35,2018,10
Colima,19.38,2018,11
Colima,19.16,2018,12
Colima,18.98,2019,1
Colima,19.52,2019,2
Colima,19.97,2019,3
Colima,19.77,2019,4
Colima,19.72,2019,5
Colima,19.51,2019,6
Colima,19.59,2019,7
Colima,19.54,2019,8
Colima,19.59,2019,9
Colima,19.56,2019,10
Colima,19.54,2019,11
Colima,19.64,2019,12
Colima,19.72,2020,1
Colima,19.67,2020,2
Colima,17.81,2020,3
Colima,15,2020,4
Colima,16.51,2020,5
Durango,16.25,2017,1
Durango,16.21,2017,2
Durango,16.15,2017,3
Durango,16.17,2017,4
Durango,16.07,2017,5
Durango,15.98,2017,6
Durango,15.89,2017,7
Durango,15.97,2017,8
Durango,16.2,2017,9
Durango,16.34,2017,10
Durango,16.48,2017,11
Durango,16.66,2017,12
Durango,17.23,2018,1
Durango,17.85,2018,2
Durango,18.02,2018,3
Durango,18.11,2018,4
Durango,18.28,2018,5
Durango,18.49,2018,6
Durango,18.81,2018,7
Durango,19.29,2018,8
Durango,19.58,2018,9
Durango,19.78,2018,10
Durango,19.73,2018,11
Durango,19.44,2018,12
Durango,19.25,2019,1
Durango,19.6,2019,2
Durango,20.1,2019,3
Durango,19.87,2019,4
Durango,19.75,2019,5
Durango,19.68,2019,6
Durango,19.78,2019,7
Durango,19.75,2019,8
Durango,19.91,2019,9
Durango,19.86,2019,10
Durango,19.9,2019,11
Durango,20.04,2019,12
Durango,20.2,2020,1
Durango,20.06,2020,2
Durango,18.68,2020,3
Durango,15.92,2020,4
Durango,16.84,2020,5
Guanajuato,16.1,2017,1
Guanajuato,16.07,2017,2
Guanajuato,16,2017,3
Guanajuato,16.03,2017,4
Guanajuato,15.93,2017,5
Guanajuato,15.84,2017,6
Guanajuato,15.75,2017,7
Guanajuato,15.82,2017,8
Guanajuato,16.04,2017,9
Guanajuato,16.17,2017,10
Guanajuato,16.26,2017,11
Guanajuato,16.39,2017,12
Guanajuato,17.02,2018,1
Guanajuato,17.73,2018,2
Guanajuato,17.98,2018,3
Guanajuato,18.07,2018,4
Guanajuato,18.21,2018,5
Guanajuato,18.42,2018,6
Guanajuato,18.83,2018,7
Guanajuato,19.43,2018,8
Guanajuato,19.7,2018,9
Guanajuato,19.93,2018,10
Guanajuato,19.95,2018,11
Guanajuato,19.68,2018,12
Guanajuato,19.72,2019,1
Guanajuato,20.18,2019,2
Guanajuato,20.54,2019,3
Guanajuato,20.26,2019,4
Guanajuato,20.12,2019,5
Guanajuato,20,2019,6
Guanajuato,20.11,2019,7
Guanajuato,20.05,2019,8
Guanajuato,20.12,2019,9
Guanajuato,20.12,2019,10
Guanajuato,20.16,2019,11
Guanajuato,20.21,2019,12
Guanajuato,20.28,2020,1
Guanajuato,20.19,2020,2
Guanajuato,17.63,2020,3
Guanajuato,15.43,2020,4
Guanajuato,16.48,2020,5
Guerrero,16.05,2017,1
Guerrero,16.02,2017,2
Guerrero,15.98,2017,3
Guerrero,15.99,2017,4
Guerrero,15.9,2017,5
Guerrero,15.79,2017,6
Guerrero,15.71,2017,7
Guerrero,15.78,2017,8
Guerrero,16.01,2017,9
Guerrero,16.14,2017,10
Guerrero,16.22,2017,11
Guerrero,16.36,2017,12
Guerrero,16.91,2018,1
Guerrero,17.53,2018,2
Guerrero,17.76,2018,3
Guerrero,17.86,2018,4
Guerrero,18.05,2018,5
Guerrero,18.3,2018,6
Guerrero,18.73,2018,7
Guerrero,19.25,2018,8
Guerrero,19.47,2018,9
Guerrero,19.66,2018,10
Guerrero,19.56,2018,11
Guerrero,19.23,2018,12
Guerrero,19.05,2019,1
Guerrero,19.61,2019,2
Guerrero,20.08,2019,3
Guerrero,19.88,2019,4
Guerrero,19.83,2019,5
Guerrero,19.64,2019,6
Guerrero,19.77,2019,7
Guerrero,19.7,2019,8
Guerrero,19.9,2019,9
Guerrero,19.81,2019,10
Guerrero,19.88,2019,11
Guerrero,20.03,2019,12
Guerrero,20.15,2020,1
Guerrero,20.01,2020,2
Guerrero,18.33,2020,3
Guerrero,15.74,2020,4
Guerrero,17.09,2020,5
Hidalgo,15.85,2017,1
Hidalgo,15.94,2017,2
Hidalgo,15.78,2017,3
Hidalgo,15.81,2017,4
Hidalgo,15.72,2017,5
Hidalgo,15.61,2017,6
Hidalgo,15.52,2017,7
Hidalgo,15.59,2017,8
Hidalgo,15.82,2017,9
Hidalgo,15.94,2017,10
Hidalgo,16.03,2017,11
Hidalgo,16.1,2017,12
Hidalgo,16.61,2018,1
Hidalgo,17.22,2018,2
Hidalgo,17.44,2018,3
Hidalgo,17.51,2018,4
Hidalgo,17.67,2018,5
Hidalgo,17.9,2018,6
Hidalgo,18.3,2018,7
Hidalgo,18.85,2018,8
Hidalgo,19.06,2018,9
Hidalgo,19.23,2018,10
Hidalgo,19.16,2018,11
Hidalgo,18.82,2018,12
Hidalgo,18.67,2019,1
Hidalgo,19.16,2019,2
Hidalgo,19.54,2019,3
Hidalgo,19.37,2019,4
Hidalgo,19.29,2019,5
Hidalgo,19.12,2019,6
Hidalgo,19.26,2019,7
Hidalgo,19.04,2019,8
Hidalgo,19.09,2019,9
Hidalgo,18.96,2019,10
Hidalgo,18.97,2019,11
Hidalgo,19.09,2019,12
Hidalgo,19.15,2020,1
Hidalgo,19,2020,2
Hidalgo,17.19,2020,3
Hidalgo,14.31,2020,4
Hidalgo,15.74,2020,5
Jalisco,16.46,2017,1
Jalisco,16.45,2017,2
Jalisco,16.36,2017,3
Jalisco,16.36,2017,4
Jalisco,16.24,2017,5
Jalisco,16.12,2017,6
Jalisco,16.03,2017,7
Jalisco,16.09,2017,8
Jalisco,16.32,2017,9
Jalisco,16.44,2017,10
Jalisco,16.52,2017,11
Jalisco,16.67,2017,12
Jalisco,17.29,2018,1
Jalisco,18.08,2018,2
Jalisco,18.33,2018,3
Jalisco,18.42,2018,4
Jalisco,18.65,2018,5
Jalisco,18.94,2018,6
Jalisco,19.22,2018,7
Jalisco,19.63,2018,8
Jalisco,19.9,2018,9
Jalisco,20.14,2018,10
Jalisco,20.19,2018,11
Jalisco,19.95,2018,12
Jalisco,19.9,2019,1
Jalisco,20.3,2019,2
Jalisco,20.78,2019,3
Jalisco,20.66,2019,4
Jalisco,20.66,2019,5
Jalisco,20.52,2019,6
Jalisco,20.53,2019,7
Jalisco,20.39,2019,8
Jalisco,20.37,2019,9
Jalisco,20.35,2019,10
Jalisco,20.34,2019,11
Jalisco,20.47,2019,12
Jalisco,20.58,2020,1
Jalisco,20.43,2020,2
Jalisco,19.02,2020,3
Jalisco,16.02,2020,4
Jalisco,17.03,2020,5
Michoacán,16.22,2017,1
Michoacán,16.23,2017,2
Michoacán,16.14,2017,3
Michoacán,16.16,2017,4
Michoacán,16.07,2017,5
Michoacán,15.97,2017,6
Michoacán,15.89,2017,7
Michoacán,15.97,2017,8
Michoacán,16.19,2017,9
Michoacán,16.32,2017,10
Michoacán,16.4,2017,11
Michoacán,16.56,2017,12
Michoacán,17.19,2018,1
Michoacán,17.9,2018,2
Michoacán,18.12,2018,3
Michoacán,18.2,2018,4
Michoacán,18.36,2018,5
Michoacán,18.6,2018,6
Michoacán,19.03,2018,7
Michoacán,19.56,2018,8
Michoacán,19.76,2018,9
Michoacán,19.96,2018,10
Michoacán,19.91,2018,11
Michoacán,19.62,2018,12
Michoacán,19.54,2019,1
Michoacán,20.3,2019,2
Michoacán,20.67,2019,3
Michoacán,20.29,2019,4
Michoacán,20.06,2019,5
Michoacán,19.86,2019,6
Michoacán,19.93,2019,7
Michoacán,19.89,2019,8
Michoacán,19.96,2019,9
Michoacán,19.87,2019,10
Michoacán,19.95,2019,11
Michoacán,20.06,2019,12
Michoacán,20.14,2020,1
Michoacán,20.01,2020,2
Michoacán,18.06,2020,3
Michoacán,15.38,2020,4
Michoacán,16.94,2020,5
Morelos,15.91,2017,1
Morelos,15.89,2017,2
Morelos,15.81,2017,3
Morelos,15.84,2017,4
Morelos,15.75,2017,5
Morelos,15.65,2017,6
Morelos,15.56,2017,7
Morelos,15.63,2017,8
Morelos,15.85,2017,9
Morelos,15.98,2017,10
Morelos,16.07,2017,11
Morelos,16.18,2017,12
Morelos,16.77,2018,1
Morelos,17.43,2018,2
Morelos,17.66,2018,3
Morelos,17.76,2018,4
Morelos,17.92,2018,5
Morelos,18.16,2018,6
Morelos,18.56,2018,7
Morelos,19.12,2018,8
Morelos,19.34,2018,9
Morelos,19.53,2018,10
Morelos,19.51,2018,11
Morelos,19.29,2018,12
Morelos,19.08,2019,1
Morelos,19.43,2019,2
Morelos,19.81,2019,3
Morelos,19.71,2019,4
Morelos,19.65,2019,5
Morelos,19.51,2019,6
Morelos,19.54,2019,7
Morelos,19.44,2019,8
Morelos,19.43,2019,9
Morelos,19.34,2019,10
Morelos,19.32,2019,11
Morelos,19.47,2019,12
Morelos,19.59,2020,1
Morelos,19.54,2020,2
Morelos,18.11,2020,3
Morelos,14.86,2020,4
Morelos,16.16,2020,5
México,16.16,2017,1
México,16.13,2017,2
México,16.05,2017,3
México,16.06,2017,4
México,15.94,2017,5
México,15.83,2017,6
México,15.74,2017,7
México,15.8,2017,8
México,16.02,2017,9
México,16.15,2017,10
México,16.23,2017,11
México,16.35,2017,12
México,16.91,2018,1
México,17.62,2018,2
México,17.86,2018,3
México,17.96,2018,4
México,18.18,2018,5
México,18.45,2018,6
México,18.75,2018,7
México,19.15,2018,8
México,19.38,2018,9
México,19.6,2018,10
México,19.59,2018,11
México,19.4,2018,12
México,19.39,2019,1
México,19.76,2019,2
México,20.3,2019,3
México,20.21,2019,4
México,20.17,2019,5
México,19.99,2019,6
México,19.99,2019,7
México,19.84,2019,8
México,19.83,2019,9
México,19.75,2019,10
México,19.77,2019,11
México,19.93,2019,12
México,20.03,2020,1
México,19.89,2020,2
México,18.26,2020,3
México,14.95,2020,4
México,16.34,2020,5
Nayarit,16.31,2017,1
Nayarit,16.3,2017,2
Nayarit,16.23,2017,3
Nayarit,16.25,2017,4
Nayarit,16.16,2017,5
Nayarit,16.07,2017,6
Nayarit,15.99,2017,7
Nayarit,16.06,2017,8
Nayarit,16.28,2017,9
Nayarit,16.4,2017,10
Nayarit,16.49,2017,11
Nayarit,16.71,2017,12
Nayarit,17.3,2018,1
Nayarit,17.95,2018,2
Nayarit,18.19,2018,3
Nayarit,18.3,2018,4
Nayarit,18.47,2018,5
Nayarit,18.69,2018,6
Nayarit,19.11,2018,7
Nayarit,19.65,2018,8
Nayarit,19.89,2018,9
Nayarit,20.09,2018,10
Nayarit,20.13,2018,11
Nayarit,19.97,2018,12
Nayarit,19.92,2019,1
Nayarit,20.31,2019,2
Nayarit,20.79,2019,3
Nayarit,20.68,2019,4
Nayarit,20.58,2019,5
Nayarit,20.37,2019,6
Nayarit,20.26,2019,7
Nayarit,20.15,2019,8
Nayarit,20.25,2019,9
Nayarit,20.14,2019,10
Nayarit,20.17,2019,11
Nayarit,20.29,2019,12
Nayarit,20.26,2020,1
Nayarit,20.25,2020,2
Nayarit,19.34,2020,3
Nayarit,16.48,2020,4
Nayarit,17.32,2020,5
Nuevo León,16.28,2017,1
Nuevo León,16.27,2017,2
Nuevo León,16.19,2017,3
Nuevo León,16.18,2017,4
Nuevo León,16.06,2017,5
Nuevo León,15.94,2017,6
Nuevo León,15.89,2017,7
Nuevo León,16,2017,8
Nuevo León,16.25,2017,9
Nuevo León,16.42,2017,10
Nuevo León,16.56,2017,11
Nuevo León,16.72,2017,12
Nuevo León,17.16,2018,1
Nuevo León,17.72,2018,2
Nuevo León,17.93,2018,3
Nuevo León,18.01,2018,4
Nuevo León,18.23,2018,5
Nuevo León,18.55,2018,6
Nuevo León,18.87,2018,7
Nuevo León,19.39,2018,8
Nuevo León,19.66,2018,9
Nuevo León,19.86,2018,10
Nuevo León,19.78,2018,11
Nuevo León,19.34,2018,12
Nuevo León,19.08,2019,1
Nuevo León,19.48,2019,2
Nuevo León,20.23,2019,3
Nuevo León,19.81,2019,4
Nuevo León,19.92,2019,5
Nuevo León,19.65,2019,6
Nuevo León,19.77,2019,7
Nuevo León,19.73,2019,8
Nuevo León,19.86,2019,9
Nuevo León,19.82,2019,10
Nuevo León,19.81,2019,11
Nuevo León,19.88,2019,12
Nuevo León,19.98,2020,1
Nuevo León,19.92,2020,2
Nuevo León,18.38,2020,3
Nuevo León,15.91,2020,4
Nuevo León,16.59,2020,5
Oaxaca,15.86,2017,1
Oaxaca,15.87,2017,2
Oaxaca,15.77,2017,3
Oaxaca,15.79,2017,4
Oaxaca,15.7,2017,5
Oaxaca,15.6,2017,6
Oaxaca,15.51,2017,7
Oaxaca,15.58,2017,8
Oaxaca,15.81,2017,9
Oaxaca,15.93,2017,10
Oaxaca,16.01,2017,11
Oaxaca,16.18,2017,12
Oaxaca,16.78,2018,1
Oaxaca,17.38,2018,2
Oaxaca,17.63,2018,3
Oaxaca,17.75,2018,4
Oaxaca,17.91,2018,5
Oaxaca,18.15,2018,6
Oaxaca,18.54,2018,7
Oaxaca,19.09,2018,8
Oaxaca,19.32,2018,9
Oaxaca,19.52,2018,10
Oaxaca,19.51,2018,11
Oaxaca,19.25,2018,12
Oaxaca,19.06,2019,1
Oaxaca,19.53,2019,2
Oaxaca,20.1,2019,3
Oaxaca,20.12,2019,4
Oaxaca,20.1,2019,5
Oaxaca,19.98,2019,6
Oaxaca,20.1,2019,7
Oaxaca,20.06,2019,8
Oaxaca,20.14,2019,9
Oaxaca,20.1,2019,10
Oaxaca,20.08,2019,11
Oaxaca,20.14,2019,12
Oaxaca,20.14,2020,1
Oaxaca,20.13,2020,2
Oaxaca,18.72,2020,3
Oaxaca,16.17,2020,4
Oaxaca,17.08,2020,5
Puebla,15.86,2017,1
Puebla,15.89,2017,2
Puebla,15.76,2017,3
Puebla,15.78,2017,4
Puebla,15.69,2017,5
Puebla,15.57,2017,6
Puebla,15.49,2017,7
Puebla,15.56,2017,8
Puebla,15.78,2017,9
Puebla,15.9,2017,10
Puebla,15.98,2017,11
Puebla,16.1,2017,12
Puebla,16.65,2018,1
Puebla,17.34,2018,2
Puebla,17.57,2018,3
Puebla,17.67,2018,4
Puebla,17.82,2018,5
Puebla,18.03,2018,6
Puebla,18.41,2018,7
Puebla,18.96,2018,8
Puebla,19.2,2018,9
Puebla,19.4,2018,10
Puebla,19.4,2018,11
Puebla,19.16,2018,12
Puebla,18.84,2019,1
Puebla,19.06,2019,2
Puebla,19.59,2019,3
Puebla,19.36,2019,4
Puebla,19.25,2019,5
Puebla,19.15,2019,6
Puebla,19.24,2019,7
Puebla,19.17,2019,8
Puebla,19.27,2019,9
Puebla,19.26,2019,10
Puebla,19.28,2019,11
Puebla,19.35,2019,12
Puebla,19.42,2020,1
Puebla,19.33,2020,2
Puebla,17.8,2020,3
Puebla,14.6,2020,4
Puebla,15.85,2020,5
Querétaro,16.04,2017,1
Querétaro,16.03,2017,2
Querétaro,15.95,2017,3
Querétaro,15.98,2017,4
Querétaro,15.89,2017,5
Querétaro,15.79,2017,6
Querétaro,15.7,2017,7
Querétaro,15.76,2017,8
Querétaro,15.99,2017,9
Querétaro,16.11,2017,10
Querétaro,16.2,2017,11
Querétaro,16.31,2017,12
Querétaro,16.88,2018,1
Querétaro,17.53,2018,2
Querétaro,17.8,2018,3
Querétaro,17.91,2018,4
Querétaro,18.09,2018,5
Querétaro,18.34,2018,6
Querétaro,18.72,2018,7
Querétaro,19.25,2018,8
Querétaro,19.51,2018,9
Querétaro,19.69,2018,10
Querétaro,19.7,2018,11
Querétaro,19.53,2018,12
Querétaro,19.6,2019,1
Querétaro,19.89,2019,2
Querétaro,20.18,2019,3
Querétaro,20.06,2019,4
Querétaro,19.94,2019,5
Querétaro,19.75,2019,6
Querétaro,19.79,2019,7
Querétaro,19.7,2019,8
Querétaro,19.74,2019,9
Querétaro,19.69,2019,10
Querétaro,19.71,2019,11
Querétaro,19.79,2019,12
Querétaro,19.83,2020,1
Querétaro,19.74,2020,2
Querétaro,18.02,2020,3
Querétaro,14.79,2020,4
Querétaro,16.12,2020,5
Quintana Roo,15.87,2017,1
Quintana Roo,15.88,2017,2
Quintana Roo,15.79,2017,3
Quintana Roo,15.81,2017,4
Quintana Roo,15.72,2017,5
Quintana Roo,15.62,2017,6
Quintana Roo,15.55,2017,7
Quintana Roo,15.62,2017,8
Quintana Roo,15.84,2017,9
Quintana Roo,15.97,2017,10
Quintana Roo,16.04,2017,11
Quintana Roo,16.2,2017,12
Quintana Roo,16.75,2018,1
Quintana Roo,17.25,2018,2
Quintana Roo,17.42,2018,3
Quintana Roo,17.47,2018,4
Quintana Roo,17.62,2018,5
Quintana Roo,17.87,2018,6
Quintana Roo,18.27,2018,7
Quintana Roo,18.99,2018,8
Quintana Roo,19.33,2018,9
Quintana Roo,19.5,2018,10
Quintana Roo,19.46,2018,11
Quintana Roo,19.13,2018,12
Quintana Roo,18.83,2019,1
Quintana Roo,19.56,2019,2
Quintana Roo,20.08,2019,3
Quintana Roo,19.66,2019,4
Quintana Roo,19.57,2019,5
Quintana Roo,19.39,2019,6
Quintana Roo,19.63,2019,7
Quintana Roo,19.62,2019,8
Quintana Roo,19.78,2019,9
Quintana Roo,19.68,2019,10
Quintana Roo,19.67,2019,11
Quintana Roo,19.86,2019,12
Quintana Roo,19.97,2020,1
Quintana Roo,19.84,2020,2
Quintana Roo,18.47,2020,3
Quintana Roo,16.16,2020,4
Quintana Roo,16.9,2020,5
San Luis Potosí,15.85,2017,1
San Luis Potosí,15.82,2017,2
San Luis Potosí,15.76,2017,3
San Luis Potosí,15.78,2017,4
San Luis Potosí,15.69,2017,5
San Luis Potosí,15.59,2017,6
San Luis Potosí,15.5,2017,7
San Luis Potosí,15.58,2017,8
San Luis Potosí,15.8,2017,9
San Luis Potosí,15.93,2017,10
San Luis Potosí,16.01,2017,11
San Luis Potosí,16.2,2017,12
San Luis Potosí,16.85,2018,1
San Luis Potosí,17.57,2018,2
San Luis Potosí,17.79,2018,3
San Luis Potosí,17.86,2018,4
San Luis Potosí,18.03,2018,5
San Luis Potosí,18.25,2018,6
San Luis Potosí,18.56,2018,7
San Luis Potosí,19.04,2018,8
San Luis Potosí,19.3,2018,9
San Luis Potosí,19.52,2018,10
San Luis Potosí,19.47,2018,11
San Luis Potosí,19.17,2018,12
San Luis Potosí,18.92,2019,1
San Luis Potosí,19.35,2019,2
San Luis Potosí,19.77,2019,3
San Luis Potosí,19.52,2019,4
San Luis Potosí,19.45,2019,5
San Luis Potosí,19.31,2019,6
San Luis Potosí,19.31,2019,7
San Luis Potosí,19.17,2019,8
San Luis Potosí,19.36,2019,9
San Luis Potosí,19.33,2019,10
San Luis Potosí,19.37,2019,11
San Luis Potosí,19.5,2019,12
San Luis Potosí,19.61,2020,1
San Luis Potosí,19.5,2020,2
San Luis Potosí,17.64,2020,3
San Luis Potosí,14.57,2020,4
San Luis Potosí,16.27,2020,5
Sinaloa,16.13,2017,1
Sinaloa,16.1,2017,2
Sinaloa,16.02,2017,3
Sinaloa,16.04,2017,4
Sinaloa,15.95,2017,5
Sinaloa,15.85,2017,6
Sinaloa,15.77,2017,7
Sinaloa,15.84,2017,8
Sinaloa,16.07,2017,9
Sinaloa,16.2,2017,10
Sinaloa,16.34,2017,11
Sinaloa,16.53,2017,12
Sinaloa,17.08,2018,1
Sinaloa,17.64,2018,2
Sinaloa,17.89,2018,3
Sinaloa,18.06,2018,4
Sinaloa,18.26,2018,5
Sinaloa,18.51,2018,6
Sinaloa,18.91,2018,7
Sinaloa,19.47,2018,8
Sinaloa,19.72,2018,9
Sinaloa,19.91,2018,10
Sinaloa,19.93,2018,11
Sinaloa,19.81,2018,12
Sinaloa,19.55,2019,1
Sinaloa,19.83,2019,2
Sinaloa,20.2,2019,3
Sinaloa,20.03,2019,4
Sinaloa,20,2019,5
Sinaloa,19.84,2019,6
Sinaloa,19.95,2019,7
Sinaloa,19.86,2019,8
Sinaloa,19.87,2019,9
Sinaloa,19.8,2019,10
Sinaloa,19.79,2019,11
Sinaloa,19.88,2019,12
Sinaloa,19.97,2020,1
Sinaloa,19.84,2020,2
Sinaloa,17.97,2020,3
Sinaloa,15.68,2020,4
Sinaloa,17.37,2020,5
Sonora,16.12,2017,1
Sonora,16.15,2017,2
Sonora,15.77,2017,3
Sonora,15.67,2017,4
Sonora,15.57,2017,5
Sonora,15.45,2017,6
Sonora,15.33,2017,7
Sonora,15.4,2017,8
Sonora,15.63,2017,9
Sonora,15.79,2017,10
Sonora,15.92,2017,11
Sonora,16.05,2017,12
Sonora,16.43,2018,1
Sonora,16.98,2018,2
Sonora,17.22,2018,3
Sonora,17.37,2018,4
Sonora,17.64,2018,5
Sonora,17.8,2018,6
Sonora,18.19,2018,7
Sonora,18.71,2018,8
Sonora,18.95,2018,9
Sonora,19.13,2018,10
Sonora,19.13,2018,11
Sonora,18.93,2018,12
Sonora,18.28,2019,1
Sonora,18.78,2019,2
Sonora,19.34,2019,3
Sonora,19.08,2019,4
Sonora,19.1,2019,5
Sonora,18.98,2019,6
Sonora,18.96,2019,7
Sonora,18.62,2019,8
Sonora,18.87,2019,9
Sonora,19.15,2019,10
Sonora,18.79,2019,11
Sonora,19,2019,12
Sonora,18.8,2020,1
Sonora,18.91,2020,2
Sonora,17.95,2020,3
Sonora,15.47,2020,4
Sonora,16.83,2020,5
Tabasco,15.57,2017,1
Tabasco,15.57,2017,2
Tabasco,15.49,2017,3
Tabasco,15.52,2017,4
Tabasco,15.42,2017,5
Tabasco,15.33,2017,6
Tabasco,15.25,2017,7
Tabasco,15.32,2017,8
Tabasco,15.55,2017,9
Tabasco,15.67,2017,10
Tabasco,15.75,2017,11
Tabasco,15.86,2017,12
Tabasco,16.42,2018,1
Tabasco,17.03,2018,2
Tabasco,17.29,2018,3
Tabasco,17.42,2018,4
Tabasco,17.53,2018,5
Tabasco,17.8,2018,6
Tabasco,18.15,2018,7
Tabasco,18.62,2018,8
Tabasco,18.81,2018,9
Tabasco,18.97,2018,10
Tabasco,18.91,2018,11
Tabasco,18.64,2018,12
Tabasco,18.16,2019,1
Tabasco,18.2,2019,2
Tabasco,18.88,2019,3
Tabasco,18.73,2019,4
Tabasco,18.56,2019,5
Tabasco,18.39,2019,6
Tabasco,18.45,2019,7
Tabasco,18.35,2019,8
Tabasco,18.46,2019,9
Tabasco,18.39,2019,10
Tabasco,18.34,2019,11
Tabasco,18.5,2019,12
Tabasco,18.62,2020,1
Tabasco,18.55,2020,2
Tabasco,17.82,2020,3
Tabasco,15.08,2020,4
Tabasco,15.71,2020,5
Tamaulipas,15.16,2017,1
Tamaulipas,15.22,2017,2
Tamaulipas,14.15,2017,3
Tamaulipas,13.87,2017,4
Tamaulipas,13.72,2017,5
Tamaulipas,13.52,2017,6
Tamaulipas,13.34,2017,7
Tamaulipas,13.37,2017,8
Tamaulipas,13.56,2017,9
Tamaulipas,13.68,2017,10
Tamaulipas,13.76,2017,11
Tamaulipas,13.9,2017,12
Tamaulipas,14.4,2018,1
Tamaulipas,15.08,2018,2
Tamaulipas,15.27,2018,3
Tamaulipas,15.41,2018,4
Tamaulipas,15.74,2018,5
Tamaulipas,15.76,2018,6
Tamaulipas,16.04,2018,7
Tamaulipas,16.56,2018,8
Tamaulipas,16.89,2018,9
Tamaulipas,17.07,2018,10
Tamaulipas,16.92,2018,11
Tamaulipas,16.48,2018,12
Tamaulipas,15.96,2019,1
Tamaulipas,16.57,2019,2
Tamaulipas,17.02,2019,3
Tamaulipas,16.62,2019,4
Tamaulipas,16.27,2019,5
Tamaulipas,16.16,2019,6
Tamaulipas,16.27,2019,7
Tamaulipas,15.91,2019,8
Tamaulipas,16.27,2019,9
Tamaulipas,16.39,2019,10
Tamaulipas,16.33,2019,11
Tamaulipas,16.52,2019,12
Tamaulipas,16.7,2020,1
Tamaulipas,16.57,2020,2
Tamaulipas,15.29,2020,3
Tamaulipas,13.14,2020,4
Tamaulipas,13.85,2020,5
Tlaxcala,15.79,2017,1
Tlaxcala,15.84,2017,2
Tlaxcala,15.7,2017,3
Tlaxcala,15.72,2017,4
Tlaxcala,15.62,2017,5
Tlaxcala,15.52,2017,6
Tlaxcala,15.45,2017,7
Tlaxcala,15.52,2017,8
Tlaxcala,15.74,2017,9
Tlaxcala,15.87,2017,10
Tlaxcala,15.95,2017,11
Tlaxcala,16.03,2017,12
Tlaxcala,16.59,2018,1
Tlaxcala,17.29,2018,2
Tlaxcala,17.51,2018,3
Tlaxcala,17.59,2018,4
Tlaxcala,17.74,2018,5
Tlaxcala,17.97,2018,6
Tlaxcala,18.38,2018,7
Tlaxcala,18.93,2018,8
Tlaxcala,19.13,2018,9
Tlaxcala,19.32,2018,10
Tlaxcala,19.31,2018,11
Tlaxcala,18.92,2018,12
Tlaxcala,18.55,2019,1
Tlaxcala,19,2019,2
Tlaxcala,19.61,2019,3
Tlaxcala,19.39,2019,4
Tlaxcala,19.34,2019,5
Tlaxcala,19.11,2019,6
Tlaxcala,19.26,2019,7
Tlaxcala,19.23,2019,8
Tlaxcala,19.33,2019,9
Tlaxcala,19.32,2019,10
Tlaxcala,19.33,2019,11
Tlaxcala,19.4,2019,12
Tlaxcala,19.47,2020,1
Tlaxcala,19.32,2020,2
Tlaxcala,17.63,2020,3
Tlaxcala,14.51,2020,4
Tlaxcala,15.94,2020,5
Veracruz,15.52,2017,1
Veracruz,15.55,2017,2
Veracruz,15.44,2017,3
Veracruz,15.47,2017,4
Veracruz,15.38,2017,5
Veracruz,15.28,2017,6
Veracruz,15.19,2017,7
Veracruz,15.26,2017,8
Veracruz,15.49,2017,9
Veracruz,15.61,2017,10
Veracruz,15.69,2017,11
Veracruz,15.82,2017,12
Veracruz,16.35,2018,1
Veracruz,16.97,2018,2
Veracruz,17.2,2018,3
Veracruz,17.31,2018,4
Veracruz,17.47,2018,5
Veracruz,17.68,2018,6
Veracruz,18.02,2018,7
Veracruz,18.55,2018,8
Veracruz,18.79,2018,9
Veracruz,18.98,2018,10
Veracruz,18.94,2018,11
Veracruz,18.64,2018,12
Veracruz,18.31,2019,1
Veracruz,18.65,2019,2
Veracruz,19.17,2019,3
Veracruz,19.02,2019,4
Veracruz,18.92,2019,5
Veracruz,18.81,2019,6
Veracruz,18.88,2019,7
Veracruz,18.84,2019,8
Veracruz,18.91,2019,9
Veracruz,18.9,2019,10
Veracruz,18.87,2019,11
Veracruz,19,2019,12
Veracruz,19.1,2020,1
Veracruz,19,2020,2
Veracruz,17.51,2020,3
Veracruz,14.75,2020,4
Veracruz,15.84,2020,5
Yucatán,15.44,2017,1
Yucatán,15.42,2017,2
Yucatán,15.34,2017,3
Yucatán,15.36,2017,4
Yucatán,15.26,2017,5
Yucatán,15.17,2017,6
Yucatán,15.09,2017,7
Yucatán,15.16,2017,8
Yucatán,15.38,2017,9
Yucatán,15.5,2017,10
Yucatán,15.59,2017,11
Yucatán,15.73,2017,12
Yucatán,16.33,2018,1
Yucatán,16.88,2018,2
Yucatán,17.14,2018,3
Yucatán,17.25,2018,4
Yucatán,17.39,2018,5
Yucatán,17.63,2018,6
Yucatán,18.08,2018,7
Yucatán,18.78,2018,8
Yucatán,19.05,2018,9
Yucatán,19.2,2018,10
Yucatán,19.21,2018,11
Yucatán,18.82,2018,12
Yucatán,18.52,2019,1
Yucatán,19.32,2019,2
Yucatán,19.93,2019,3
Yucatán,19.29,2019,4
Yucatán,19.16,2019,5
Yucatán,19.06,2019,6
Yucatán,19.34,2019,7
Yucatán,19.3,2019,8
Yucatán,19.46,2019,9
Yucatán,19.29,2019,10
Yucatán,19.32,2019,11
Yucatán,19.45,2019,12
Yucatán,19.63,2020,1
Yucatán,19.46,2020,2
Yucatán,18.05,2020,3
Yucatán,15.73,2020,4
Yucatán,16.79,2020,5
Zacatecas,16.19,2017,1
Zacatecas,16.26,2017,2
Zacatecas,16.12,2017,3
Zacatecas,16.14,2017,4
Zacatecas,16.05,2017,5
Zacatecas,15.96,2017,6
Zacatecas,15.87,2017,7
Zacatecas,15.94,2017,8
Zacatecas,16.16,2017,9
Zacatecas,16.29,2017,10
Zacatecas,16.37,2017,11
Zacatecas,16.57,2017,12
Zacatecas,17.28,2018,1
Zacatecas,18.11,2018,2
Zacatecas,18.36,2018,3
Zacatecas,18.47,2018,4
Zacatecas,18.59,2018,5
Zacatecas,18.79,2018,6
Zacatecas,19.16,2018,7
Zacatecas,19.69,2018,8
Zacatecas,19.94,2018,9
Zacatecas,20.12,2018,10
Zacatecas,20.09,2018,11
Zacatecas,19.82,2018,12
Zacatecas,19.63,2019,1
Zacatecas,19.89,2019,2
Zacatecas,20.23,2019,3
Zacatecas,19.91,2019,4
Zacatecas,19.81,2019,5
Zacatecas,19.74,2019,6
Zacatecas,19.77,2019,7
Zacatecas,19.7,2019,8
Zacatecas,19.8,2019,9
Zacatecas,19.74,2019,10
Zacatecas,19.73,2019,11
Zacatecas,19.89,2019,12
Zacatecas,19.93,2020,1
Zacatecas,19.79,2020,2
Zacatecas,18.73,2020,3
Zacatecas,15.88,2020,4
Zacatecas,16.53,2020,5
